1,FEELTHEFLOW,Francja,Les 2 Alpes,07.12.18 - 16.12.18,1429,MEGA PROMO -220 PLN tylko do 04.09,https://www.feeltheflow.pl/wyjazdy/glacier-aperitif
2,FEELTHEFLOW,Włochy,Livigno,07.12.18 - 16.12.18,1429,MEGA PROMO -170 PLN tylko do 04.09,https://www.feeltheflow.pl/wyjazdy/livigno-hello-winter-vol-1-lux-2
3,FEELTHEFLOW,Włochy,Marilleva 1400,od 08.12.18 do 13.04.19,od 1049,SĄ WOLNE MIEJSCA,https://www.feeltheflow.pl/wyjazdy/marilleva-superskirama
4,FEELTHEFLOW,Włochy,Livigno,14.12.18 - 23.12.18,1879,MEGA PROMO -170 PLN tylko do 04.09,https://www.feeltheflow.pl/wyjazdy/livigno-hello-winter-vol-2-lux-2
5,FEELTHEFLOW,Włochy,Livigno,14.12.18 - 23.12.18,1479,MEGA PROMO -220 PLN tylko do 04.09,https://www.feeltheflow.pl/wyjazdy/livigno-hello-winter-vol-2-2
6,FEELTHEFLOW,Francja,Les Orres,28.12.18 - 06.01.19,2029,MEGA PROMO -220 PLN tylko do 04.09,https://www.feeltheflow.pl/wyjazdy/new-year-s-bomb-premium
7,FEELTHEFLOW,Francja,Les Orres,28.12.18 - 06.01.19,1829,MEGA PROMO -220 PLN tylko do 04.09,https://www.feeltheflow.pl/wyjazdy/new-year-s-bomb-2
8,FEELTHEFLOW,Francja,Briancon,28.12.18 - 06.01.19,2279,MEGA PROMO -220 PLN tylko do 04.09,https://www.feeltheflow.pl/wyjazdy/new-year-s-chill
9,FEELTHEFLOW,Francja,Superdevoluy,04.01.19 - 13.01.19,1329,MEGA PROMO -220 PLN tylko do 04.09,https://www.feeltheflow.pl/wyjazdy/let-is-snow
10,FEELTHEFLOW,Francja,Tignes,04.01.19 - 13.01.19,1999,MEGA PROMO -220 PLN tylko do 04.09,https://www.feeltheflow.pl/wyjazdy/fresh-snow-fever-vol-1
11,FEELTHEFLOW,Włochy,Marilleva 1400,od 05.01.19 do 30.03.19,od 1229,SĄ WOLNE MIEJSCA,https://www.feeltheflow.pl/wyjazdy/marilleva-brenta-11
12,FEELTHEFLOW,Francja,Orelle,11.01.19 - 20.01.19,1649,MEGA PROMO -150 PLN tylko do 04.09,https://www.feeltheflow.pl/wyjazdy/white-time-1
13,FEELTHEFLOW,Francja,Les 2 Alpes,11.01.19 - 20.01.19,1679,MEGA PROMO -220 PLN tylko do 04.09,https://www.feeltheflow.pl/wyjazdy/meet-2alpes-vol-1
14,FEELTHEFLOW,Francja,Val Thorens,18.01.19 - 27.01.19,2029,MEGA PROMO -220 PLN tylko do 04.09,https://www.feeltheflow.pl/wyjazdy/snow-heaven-vol-1
15,FEELTHEFLOW,Włochy,Marilleva,18.01.19 - 27.01.19,1999,SAMOLOT -500pln tylko do 04.09,https://www.feeltheflow.pl/wyjazdy/paradiso-di-sole-vol-1-1
16,FEELTHEFLOW,Włochy,Tonale,25.01.19 - 03.02.19,1779,MEGA PROMO -220 PLN tylko do 04.09,https://www.feeltheflow.pl/wyjazdy/wloska-fiesta-vol-1
17,FEELTHEFLOW,Francja,Les 2 Alpes,25.01.19 - 03.02.19,2149,SAMOLOT -500pln tylko do 04.09,https://www.feeltheflow.pl/wyjazdy/meet-2alpes-vol-2
18,FEELTHEFLOW,Włochy,Tonale,od 25.01.19 do 17.02.19,od 2379,MEGA PROMO -220 PLN tylko do 04.09,https://www.feeltheflow.pl/wyjazdy/wloska-fiesta-vol-1-hotel
19,FEELTHEFLOW,Francja,La Plagne,01.02.19 - 10.02.19,2199,SAMOLOT -500pln tylko do 04.09,https://www.feeltheflow.pl/wyjazdy/into-the-white-vol-1
20,FEELTHEFLOW,Francja,Les 2 Alpes,01.02.19 - 10.02.19,1819,MEGA PROMO -130 PLN tylko do 04.09,https://www.feeltheflow.pl/wyjazdy/meet-2alpes-vol-3
21,FEELTHEFLOW,Francja,Tignes,01.02.19 - 10.02.19,2079,MEGA PROMO -220 PLN tylko do 04.09,https://www.feeltheflow.pl/wyjazdy/fresh-snow-fever-vol-2
22,FEELTHEFLOW,Włochy,Marilleva,08.02.19 - 17.02.19,1999,SAMOLOT ZA FREE (-600pln) tylko do 04.09,https://www.feeltheflow.pl/wyjazdy/ferie-feel-the-flow
23,FEELTHEFLOW,Włochy,Folgaria,08.02.19 - 17.02.19,2749,SAMOLOT ZA FREE (-600pln) tylko do 04.09,https://www.feeltheflow.pl/wyjazdy/italian-week-hotel-4
24,FEELTHEFLOW,Włochy,Marilleva,15.02.19 - 24.02.19,1819,MEGA PROMO -130 PLN tylko do 04.09,https://www.feeltheflow.pl/wyjazdy/paradiso-di-sole-vol-2-2
25,FEELTHEFLOW,Francja,Val d'Allos,22.02.19 - 03.03.19,1829,MEGA PROMO -170 PLN tylko do 04.09,https://www.feeltheflow.pl/wyjazdy/all-i-need-is-powder-vol-1-premium
26,FEELTHEFLOW,Francja,Val d'Allos,22.02.19 - 03.03.19,1729,MEGA PROMO -170 PLN tylko do 04.09,https://www.feeltheflow.pl/wyjazdy/all-i-need-is-powder-vol-1
27,FEELTHEFLOW,Francja,Pra Loup,22.02.19 - 03.03.19,1679,MEGA PROMO -220 PLN tylko do 04.09,https://www.feeltheflow.pl/wyjazdy/winter-wonderland-vol-1
28,FEELTHEFLOW,Francja,Pra Loup,01.03.19 - 10.03.19,1819,MEGA PROMO -130 PLN tylko do 04.09,https://www.feeltheflow.pl/wyjazdy/winter-wonderland-vol-2-premium
29,FEELTHEFLOW,Francja,Pra Loup,01.03.19 - 10.03.19,1629,MEGA PROMO -220 PLN tylko do 04.09,https://www.feeltheflow.pl/wyjazdy/winter-wonderland-vol-2
30,FEELTHEFLOW,Francja,Val d'Allos,01.03.19 - 10.03.19,1629,MEGA PROMO -270 PLN tylko do 04.09,https://www.feeltheflow.pl/wyjazdy/all-i-need-is-powder-vol-2-premium
31,FEELTHEFLOW,Francja,Val d'Allos,01.03.19 - 10.03.19,1779,MEGA PROMO -120 PLN tylko do 04.09,https://www.feeltheflow.pl/wyjazdy/all-i-need-is-powder-vol-2
32,FEELTHEFLOW,Francja,St. Sorlin,08.03.19 - 17.03.19,1579,MEGA PROMO -320 PLN tylko do 04.09,https://www.feeltheflow.pl/wyjazdy/kings-of-winter-festival
33,FEELTHEFLOW,Francja,La Plagne,08.03.19 - 17.03.19,1979,MEGA PROMO -220 PLN tylko 04.09,https://www.feeltheflow.pl/wyjazdy/into-the-white-vol-2
34,FEELTHEFLOW,Francja,Tignes,08.03.19 - 17.03.19,2049,MEGA PROMO -250 PLN tylko do 02.09,https://www.feeltheflow.pl/wyjazdy/fresh-snow-fever-vol-3
35,FEELTHEFLOW,Francja,Alp d' Huez,15.03.19 - 24.03.19,1779,MEGA PROMO -220 PLN tylko do 04.09,https://www.feeltheflow.pl/wyjazdy/sun-skiing
36,FEELTHEFLOW,Włochy,Tonale,15.03.19 - 24.03.19,1729,MEGA PROMO -270 PLN tylko do 04.09,https://www.feeltheflow.pl/wyjazdy/wloska-fiesta-vol-3
37,FEELTHEFLOW,Francja,Les Arcs,15.03.19 - 24.03.19,1829,MEGA PROMO -270 PLN tylko do 04.09,https://www.feeltheflow.pl/wyjazdy/it-s-snow-time
38,FEELTHEFLOW,Włochy,Paganella,15.03.19 - 24.03.19,1579,MEGA PROMO -320 PLN tylko do 04.09,https://www.feeltheflow.pl/wyjazdy/chill-week
39,FEELTHEFLOW,Austria,Kelchsau,15.03.19 - 24.03.19,2299,OFERTA W PRZYGOTOWANIU!,https://www.feeltheflow.pl/wyjazdy/sunny-week-ski-welt-at
40,FEELTHEFLOW,Francja,Meribel,22.03.19 - 31.03.19,1929,MEGA PROMO -320 PLN tylko do 04.09,https://www.feeltheflow.pl/wyjazdy/sun-n-snow-paradise-6
41,FEELTHEFLOW,Francja,Val Thorens,29.03.19 - 07.04.19,1879,MEGA PROMO -320 PLN tylko do 04.09,https://www.feeltheflow.pl/wyjazdy/snow-heaven-vol-2
42,FEELTHEFLOW,Włochy,Livigno,05.04.19 - 14.04.19,1929,MEGA PROMO -270 PLN tylko do 04.09,https://www.feeltheflow.pl/wyjazdy/welcome-to-livigno-vol-1-lux-1
43,FEELTHEFLOW,Włochy,Livigno,05.04.19 - 14.04.19,1629,MEGA PROMO -320 PLN tylko do 04.09,https://www.feeltheflow.pl/wyjazdy/welcome-to-livigno-vol-1-2
44,FEELTHEFLOW,Włochy,Livigno,12.04.19 - 21.04.19,1429,MEGA PROMO -170 PLN tylko do 04.09,https://www.feeltheflow.pl/wyjazdy/welcome-to-livigno-vol-2-lux-1
45,SNOWEVENTS,Francja,Les 2 Alpes,07-16.12.2018,1499 PLN,TAK,https://snowevents.pl/wyjazdy-na-narty-i-snowboard/les-2-alpes-grudzien-2018
46,SNOWEVENTS,Francja,Val Thorens,14-23.12.2018,1549,TAK,https://snowevents.pl/wyjazdy-na-narty-i-snowboard/val-thorens-grudzien-2018
47,SNOWEVENTS,Francja,Vars-Risoul,28.12.2018 - 6.01.2019 r,1799PLN,TAK,https://snowevents.pl/wyjazdy-na-narty-i-snowboard/vars-risoul-sylwester-2018
48,SNOWEVENTS,Francja,Alpe d'Huez,04-13.01.2019,1549 PLN,TAK,https://snowevents.pl/wyjazdy-na-narty-i-snowboard/alpe-huez-styczen-2019
49,SNOWEVENTS,Francja,Verbier,04-13.01.2019 r.,1699 PLN,TAK,https://snowevents.pl/wyjazdy-na-narty-i-snowboard/verbier-freeride-week-marzec-2019
50,SNOWEVENTS,Francja,Orelle,11-20.01.2019,1399 PLN,TAK,https://snowevents.pl/wyjazdy-na-narty-i-snowboard/orelle-val-thorens-budget-styczen-2019
51,SNOWEVENTS,Francja,Val Thorens,11-20.01.2019,1799 PLN,TAK,https://snowevents.pl/wyjazdy-na-narty-i-snowboard/val-thorens-val-thorens-lux-grudzien-2019
52,SNOWEVENTS,Francja,Verbier,11-20.01.2019 r.,1699 PLN,TAK,https://snowevents.pl/wyjazdy-na-narty-i-snowboard/verbier-swiss-dream-marzec-2019
53,SNOWEVENTS,Francja,Les 2 Alpes,18-27.01.2019,1599 PLN,TAK,https://snowevents.pl/wyjazdy-na-narty-i-snowboard/les-2-alpes-styczen-2019
54,SNOWEVENTS,Francja,Verbier,18-27.01.2019 r.,1699 PLN,TAK,https://snowevents.pl/wyjazdy-na-narty-i-snowboard/verbier-styczen-2019
55,SNOWEVENTS,Francja,Les 2 Alpes,25.01.2019 - 3.02.2019,1699 PLN,TAK,https://snowevents.pl/wyjazdy-na-narty-i-snowboard/les-2-alpes-la-ferie-l2a-styczen-2019
56,SNOWEVENTS,Francja,Les 2 Alpes,25.01.2019 - 3.02.2019,1699 PLN,TAK,https://snowevents.pl/wyjazdy-na-narty-i-snowboard/les-2-alpes-rodzinny-styczen-2019
57,SNOWEVENTS,Francja,Alpe d'Huez,25.01.2019 - 03.02.2019 r.,1599 PLN,TAK,https://snowevents.pl/wyjazdy-na-narty-i-snowboard/alpe-d-huez-la-ferie-stycze-2019
58,SNOWEVENTS,Francja,Les 2 Alpes,1-10.02.2019,1699 PLN,TAK,https://snowevents.pl/wyjazdy-na-narty-i-snowboard/les-2-alpes-snowfusion-l2a-luty-2019
59,SNOWEVENTS,Francja,Les 2 Alpes,1-10.02.2019,1699 PLN,TAK,https://snowevents.pl/wyjazdy-na-narty-i-snowboard/les-2-alpes-rodzinny-luty-2019
60,SNOWEVENTS,Francja,Alpe d'Huez,01-10.02.2019 r.,1649 PLN,TAK,https://snowevents.pl/wyjazdy-na-narty-i-snowboard/alpe-huez-luty-2019
61,SNOWEVENTS,Francja,Val di Sole,15-24.02.2019,1799 PLN,TAK,https://snowevents.pl/wyjazdy-na-narty-i-snowboard/val-di-sole-marilleva-luty-2019
62,SNOWEVENTS,Francja,Les 2 Alpes,8-17.03.2019 r.,1699 PLN,TAK,https://snowevents.pl/wyjazdy-na-narty-i-snowboard/les-2-alpes-wintersound-marzec-2019
63,SNOWEVENTS,Francja,Chamrousse,15-24.03.2019,1099PLN,TAK,https://snowevents.pl/wyjazdy-na-narty-i-snowboard/chamrousse-marzec-2019
64,SNOWEVENTS,Francja,Verbier,15-24.03.2019 r.,1699 PLN,TAK,https://snowevents.pl/wyjazdy-na-narty-i-snowboard/verbier-marzec-2019
65,SNOWEVENTS,Francja,Verbier,22-31.03.2019 r.,1699 PLN,TAK,https://snowevents.pl/wyjazdy-na-narty-i-snowboard/verbier-marzec-2019-2
66,SNOWEVENTS,Francja,Alpe d'Huez,22-31.03.2019 r.,1549 PLN,TAK,https://snowevents.pl/wyjazdy-na-narty-i-snowboard/alpe-huez-marzec-2019
67,SNOWEVENTS,Francja,Les 2 Alpes,22-31.03.2019 r.,1649 PLN,TAK,https://snowevents.pl/wyjazdy-na-narty-i-snowboard/les-deux-alpes-marzec-2019
68,SNOWEVENTS,Francja,Orelle,29.03.2018 - 07.04.2019 r.,1399 PLN,TAK,https://snowevents.pl/wyjazdy-na-narty-i-snowboard/orelle-val-thorens-kwiecien-2019
69,SNOWMOTION,Francja,Val Thorens,2018-12-14,1699.00,są miejsca,https://www.snowmotion.pl/wyjazd/bonjour-val-thorens/160
70,SNOWMOTION,Francja,Alpe d'Huez,2019-01-04,1699.00,są miejsca,https://www.snowmotion.pl/wyjazd/yo-snow-alpe-dhuez/165
71,SNOWMOTION,Francja,Les 2 Alpes,2019-01-18,1749.00,są miejsca,https://www.snowmotion.pl/wyjazd/white-lines-les-2-alpes/164
72,SNOWMOTION,Francja,Alpe d'Huez,2019-01-25,1749.00,są miejsca,https://www.snowmotion.pl/wyjazd/le-ferie-alpe-dhuez/166
73,SNOWMOTION,Francja,Les 2 Alpes,2019-03-08,1849.00,są miejsca,https://www.snowmotion.pl/wyjazd/ciut-za-mocno-les-2-alpes/161
74,SNOWMOTION,Francja,Les 2 Alpes,2019-03-22,1799.00,są miejsca,https://www.snowmotion.pl/wyjazd/lampa-i-sztruks-les-2-alpes/163
75,SNOWSHOW,Francja ,Alpe d'Huez,Od: 30-11-2018 do: 09-12-2018,1590,Są miejsca,"https://www.snowshow.pl/wyjazdy,alpy,snowshowoldschool,francja-alpe-dhuez-grudzien-2018"
76,SNOWSHOW,Francja ,Orelle,Od: 07-12-2018 do: 16-12-2018,1390,Są miejsca,"https://www.snowshow.pl/wyjazdy,alpy,snowshowoldschool,francja-orelle-val-thorens-grudzien-2018"
77,SNOWSHOW,Francja ,Les Saisies (Espace Diamant),Od: 28-12-2018 do: 06-01-2019,2290,Są miejsca,"https://www.snowshow.pl/wyjazdy,alpy,snowshowoldschool,francja-les-saisies-espace-diamant-sylwester-grudzien-2018"
78,SNOWSHOW,Francja ,La Rosiere,Od: 18-01-2019 do: 27-01-2019,1990,Są miejsca,"https://www.snowshow.pl/wyjazdy,alpy,snowshowoldschool,francja-la-rosiere-heliskiing-styczen-2019"
79,SNOWSHOW,Austria ,Dachstein West,Od: 26-01-2019 do: 02-02-2019,1990,Są miejsca,"https://www.snowshow.pl/wyjazdy,alpy,snowshowoldschool,austria-dachstein-west-styczen-2019"
80,SNOWSHOW,Austria ,Dachstein West,Od: 26-01-2019 do: 02-02-2019,1990,Są miejsca,"https://www.snowshow.pl/wyjazdy,alpy,snowshowfamily,austria-dachstein-west-styczen-2019"
81,SNOWSHOW,Austria ,Dachstein West,Od: 09-02-2019 do: 16-02-2019,2490,Są miejsca,"https://www.snowshow.pl/wyjazdy,alpy,snowshowoldschool,austria-dachstein-west-luty-2019"
82,SNOWSHOW,Słowenia ,Krvavec,Od: 09-02-2019 do: 15-02-2019,1790,Są miejsca,"https://www.snowshow.pl/wyjazdy,alpy,snowshowoldschool,slowenia-krvavec-luty-2019"
83,SNOWSHOW,Austria ,Dachstein West,Od: 02-03-2019 do: 09-03-2019,2190,Są miejsca,"https://www.snowshow.pl/wyjazdy,alpy,snowshowoldschool,austria-dachstein-west-marzec-2019"
84,SNOWSHOW,Szwajcaria ,Nendaz (4 Doliny),Od: 08-03-2019 do: 17-03-2019,1890,Są miejsca,"https://www.snowshow.pl/wyjazdy,alpy,snowshowoldschool,szwajcaria-nendaz-marzec-2019"
85,SNOWSHOW,Francja ,Risoul,Od: 08-03-2019 do: 17-03-2019,1690,Są miejsca,"https://www.snowshow.pl/wyjazdy,alpy,snowshowoldschool,francja-risoul-vars-marzec-2019"
86,SNOWSHOW,Francja ,Orelle,Od: 08-03-2019 do: 17-03-2019,1790,Są miejsca,"https://www.snowshow.pl/wyjazdy,alpy,snowshowoldschool,francja-orelle-val-thorens-marzec-2019"
87,SNOWSHOW,Włochy ,Civetta (Sella Ronda,Od: 15-03-2019 do: 24-03-2019,1890,Są miejsca,"https://www.snowshow.pl/wyjazdy,alpy,snowshowoldschool,wlochy-civetta-sella-ronda-marzec-2019"
88,SNOWSHOW,Francja ,Isola 2000,Od: 15-03-2019 do: 24-03-2019,1590,Są miejsca,"https://www.snowshow.pl/wyjazdy,alpy,snowshowoldschool,francja-isola-2000-marzec-2019"
89,SNOWSHOW,Francja ,Les Saisies (Espace Diamant),Od: 22-03-2019 do: 31-03-2019,1990,Są miejsca,"https://www.snowshow.pl/wyjazdy,alpy,snowshowoldschool,francja-les-saisies-espace-diamant-marzec-2019"
90,SNOWSHOW,Francja ,La Rosiere,Od: 22-03-2019 do: 31-03-2019,2190,Są miejsca,"https://www.snowshow.pl/wyjazdy,alpy,snowshowoldschool,francja-la-rosiere-marzec-2019"
91,SNOWSHOW,Francja ,Les Menuires (3 Doliny),Od: 29-03-2019 do: 07-04-2019,1990,Są miejsca,"https://www.snowshow.pl/wyjazdy,alpy,snowshowoldschool,francja-les-menuires-snowshow-music-fest-relax-marzec-2019"
92,SNOWSHOW,Francja ,Les Menuires (3 Doliny),Od: 29-03-2019 do: 07-04-2019,2490,Są miejsca,"https://www.snowshow.pl/wyjazdy,alpy,snowshowoldschool,francja-les-menuires-snowshow-music-fest-premium-marzec-2019"
93,SNOWSHOW,Francja ,Orelle,Od: 05-04-2019 do: 14-04-2019,1590,Są miejsca,"https://www.snowshow.pl/wyjazdy,alpy,snowshowoldschool,francja-orelle-val-thorens-kwiecie%C5%84-2019"
94,SNOWSHOW,Francja ,Alpe d'Huez,Od: 30-11-2018 do: 09-12-2018,1590,Są miejsca,"https://www.snowshow.pl/wyjazdy,alpy,snowshowplus,francja-alpe-dhuez-grudzien-2018"
95,SNOWSHOW,Francja ,Orelle,Od: 07-12-2018 do: 16-12-2018,1390,Są miejsca,"https://www.snowshow.pl/wyjazdy,alpy,snowshowplus,francja-orelle-val-thorens-grudzien-2018"
96,SNOWSHOW,Francja ,Les Saisies (Espace Diamant),Od: 28-12-2018 do: 06-01-2019,2290,Są miejsca,"https://www.snowshow.pl/wyjazdy,alpy,snowshowplus,francja-les-saisies-espace-diamant-sylwester-grudzien-2018"
97,SNOWSHOW,Francja ,La Rosiere,Od: 18-01-2019 do: 27-01-2019,1990,Są miejsca,"https://www.snowshow.pl/wyjazdy,alpy,snowshowplus,francja-la-rosiere-heliskiing-styczen-2019"
98,SNOWSHOW,Austria ,Dachstein West,Od: 26-01-2019 do: 02-02-2019,1990,Są miejsca,"https://www.snowshow.pl/wyjazdy,alpy,snowshowplus,austria-dachstein-west-styczen-2019"
99,SNOWSHOW,Austria ,Dachstein West,Od: 09-02-2019 do: 16-02-2019,2490,Są miejsca,"https://www.snowshow.pl/wyjazdy,alpy,snowshowplus,austria-dachstein-west-luty-2019"
100,SNOWSHOW,Słowenia ,Krvavec,Od: 09-02-2019 do: 15-02-2019,1790,Są miejsca,"https://www.snowshow.pl/wyjazdy,alpy,snowshowplus,slowenia-krvavec-luty-2019"
101,SNOWSHOW,Austria ,Dachstein West,Od: 02-03-2019 do: 09-03-2019,2190,Są miejsca,"https://www.snowshow.pl/wyjazdy,alpy,snowshowplus,austria-dachstein-west-marzec-2019"
102,SNOWSHOW,Szwajcaria ,Nendaz (4 Doliny),Od: 08-03-2019 do: 17-03-2019,1890,Są miejsca,"https://www.snowshow.pl/wyjazdy,alpy,snowshowplus,szwajcaria-nendaz-marzec-2019"
103,SNOWSHOW,Francja ,Risoul,Od: 08-03-2019 do: 17-03-2019,1690,Są miejsca,"https://www.snowshow.pl/wyjazdy,alpy,snowshowplus,francja-risoul-vars-marzec-2019"
104,SNOWSHOW,Francja ,Orelle,Od: 08-03-2019 do: 17-03-2019,1790,Są miejsca,"https://www.snowshow.pl/wyjazdy,alpy,snowshowplus,francja-orelle-val-thorens-marzec-2019"
105,SNOWSHOW,Włochy ,Civetta (Sella Ronda,Od: 15-03-2019 do: 24-03-2019,1890,Są miejsca,"https://www.snowshow.pl/wyjazdy,alpy,snowshowplus,wlochy-civetta-sella-ronda-marzec-2019"
106,SNOWSHOW,Francja ,Isola 2000,Od: 15-03-2019 do: 24-03-2019,1590,Są miejsca,"https://www.snowshow.pl/wyjazdy,alpy,snowshowplus,francja-isola-2000-marzec-2019"
107,SNOWSHOW,Francja ,Les Saisies (Espace Diamant),Od: 22-03-2019 do: 31-03-2019,1990,Są miejsca,"https://www.snowshow.pl/wyjazdy,alpy,snowshowplus,francja-les-saisies-espace-diamant-marzec-2019"
108,SNOWSHOW,Francja ,La Rosiere,Od: 22-03-2019 do: 31-03-2019,2190,Są miejsca,"https://www.snowshow.pl/wyjazdy,alpy,snowshowplus,francja-la-rosiere-marzec-2019"
109,SNOWSHOW,Francja ,Les Menuires (3 Doliny),Od: 29-03-2019 do: 07-04-2019,1990,Są miejsca,"https://www.snowshow.pl/wyjazdy,alpy,snowshowplus,francja-les-menuires-snowshow-music-fest-lux-marzec-2019"
110,SNOWSHOW,Francja ,Les Menuires (3 Doliny),Od: 29-03-2019 do: 07-04-2019,1890,Są miejsca,"https://www.snowshow.pl/wyjazdy,alpy,snowshowplus,francja-les-menuires-snowshow-music-fest-comfort-marzec-2019"
111,SNOWSHOW,Francja ,Orelle,Od: 05-04-2019 do: 14-04-2019,1590,Są miejsca,"https://www.snowshow.pl/wyjazdy,alpy,snowshowplus,francja-orelle-val-thorens-kwiecie%C5%84-2019"
112,SNOWSHOW,Francja ,Alpe d'Huez,Od: 30-11-2018 do: 09-12-2018,1490,Są miejsca,"https://www.snowshow.pl/wyjazdy,alpy,snowshow,francja-alpe-dhuez-grudzien-2018"
113,SNOWSHOW,Francja ,Orelle,Od: 07-12-2018 do: 16-12-2018,1290,Są miejsca,"https://www.snowshow.pl/wyjazdy,alpy,snowshow,francja-orelle-val-thorens-grudzien-2018"
114,SNOWSHOW,Francja ,Les Saisies (Espace Diamant),Od: 28-12-2018 do: 06-01-2019,2190,Są miejsca,"https://www.snowshow.pl/wyjazdy,alpy,snowshow,francja-les-saisies-espace-diamant-sylwester-grudzien-2018"
115,SNOWSHOW,Austria ,Dachstein West,Od: 09-02-2019 do: 16-02-2019,2290,Są miejsca,"https://www.snowshow.pl/wyjazdy,alpy,snowshow,austria-dachstein-west-luty-2019"
116,SNOWSHOW,Słowenia ,Krvavec,Od: 09-02-2019 do: 15-02-2019,1590,Są miejsca,"https://www.snowshow.pl/wyjazdy,alpy,snowshow,slowenia-krvavec-luty-2019"
117,SNOWSHOW,Austria ,Dachstein West,Od: 02-03-2019 do: 09-03-2019,2090,Są miejsca,"https://www.snowshow.pl/wyjazdy,alpy,snowshow,austria-dachstein-west-marzec-2019"
118,SNOWSHOW,Szwajcaria ,Nendaz (4 Doliny),Od: 08-03-2019 do: 17-03-2019,1790,Są miejsca,"https://www.snowshow.pl/wyjazdy,alpy,snowshow,szwajcaria-nendaz-marzec-2019"
119,SNOWSHOW,Francja ,Risoul,Od: 08-03-2019 do: 17-03-2019,1590,Są miejsca,"https://www.snowshow.pl/wyjazdy,alpy,snowshow,francja-risoul-vars-marzec-2019"
120,SNOWSHOW,Francja ,Orelle,Od: 08-03-2019 do: 17-03-2019,1690,Są miejsca,"https://www.snowshow.pl/wyjazdy,alpy,snowshow,francja-orelle-val-thorens-marzec-2019"
121,SNOWSHOW,Włochy ,Civetta (Sella Ronda,Od: 15-03-2019 do: 24-03-2019,1790,Są miejsca,"https://www.snowshow.pl/wyjazdy,alpy,snowshow,wlochy-civetta-sella-ronda-marzec-2019"
122,SNOWSHOW,Francja ,Isola 2000,Od: 15-03-2019 do: 24-03-2019,1490,Są miejsca,"https://www.snowshow.pl/wyjazdy,alpy,snowshow,francja-isola-2000-marzec-2019"
123,SNOWSHOW,Francja ,Les Saisies (Espace Diamant),Od: 22-03-2019 do: 31-03-2019,1890,Są miejsca,"https://www.snowshow.pl/wyjazdy,alpy,snowshow,francja-les-saisies-espace-diamant-marzec-2019"
124,SNOWSHOW,Francja ,La Rosiere,Od: 22-03-2019 do: 31-03-2019,2090,Są miejsca,"https://www.snowshow.pl/wyjazdy,alpy,snowshow,francja-la-rosiere-marzec-2019"
125,SNOWSHOW,Francja ,Les Menuires (3 Doliny),Od: 29-03-2019 do: 07-04-2019,1890,Są miejsca,"https://www.snowshow.pl/wyjazdy,alpy,snowshow,francja-les-menuires-snowshow-music-fest-comfort-marzec-2019"
126,SNOWSHOW,Francja ,Les Menuires (3 Doliny),Od: 29-03-2019 do: 07-04-2019,1990,Są miejsca,"https://www.snowshow.pl/wyjazdy,alpy,snowshow,francja-les-menuires-snowshow-music-fest-lux-marzec-2019"
127,SNOWSHOW,Francja ,Les Menuires (3 Doliny),Od: 29-03-2019 do: 07-04-2019,1790,Są miejsca,"https://www.snowshow.pl/wyjazdy,alpy,snowshow,francja-les-menuires-snowshow-music-fest-budget-marzec-2019"
128,SNOWSHOW,Francja ,Orelle,Od: 05-04-2019 do: 14-04-2019,1490,Są miejsca,"https://www.snowshow.pl/wyjazdy,alpy,snowshow,francja-orelle-val-thorens-kwiecie%C5%84-2019"
129,SNOWZ,Włochy,Livigno,13.04 - 21.04.2018,1699 zł,LISTA REZERWOWA!!,http://snowz.pl/i-love-livigno/15/wyjazdy.html
130,ZEROGRAVITY,Szwajcaria,Laax,02.12.2018 - 09.12.2018,1660 zł,SĄ MIEJSCA,http://zerogravity.pl/wyjazdy/warm-up-laax-3/
131,ZEROGRAVITY,Szwajcaria,Laax,09.12.2018 - 16.12.2018,1910 zł,SĄ MIEJSCA,http://zerogravity.pl/wyjazdy/zero-gravity-games-3/
132,ZEROGRAVITY,Szwajcaria,Laax,15.12.2018 - 22.12.2018,1960 zł,SĄ MIEJSCA,http://zerogravity.pl/wyjazdy/relaax-3/
133,ZEROGRAVITY,Szwajcaria,Laax,06.01.2019 - 13.01.2019,2240 zł,SĄ MIEJSCA,http://zerogravity.pl/wyjazdy/powder-week-2/
134,ZEROGRAVITY,Szwajcaria,Laax,13.01.2019 - 20.01.2019,2460 zł,SĄ MIEJSCA,http://zerogravity.pl/wyjazdy/laax-open-4/
135,ZEROGRAVITY,Szwajcaria,Laax,13.01.2019 - 20.01.2019,2460 zł,SĄ MIEJSCA,http://zerogravity.pl/wyjazdy/family-week-1-4/
136,ZEROGRAVITY,Szwajcaria,Alagna - Monte Rosa,19.01.2019 - 26.01.2019,2330 zł,NOWOŚĆ,http://zerogravity.pl/wyjazdy/freeride-heli-3/
137,ZEROGRAVITY,Szwajcaria,Laax,20.01.2019 - 27.01.2019,2460 zł,SĄ MIEJSCA,http://zerogravity.pl/wyjazdy/family-week-2-4/
138,ZEROGRAVITY,Szwajcaria,Laax,27.01.2019 - 03.02.2019,2530 zł,SĄ MIEJSCA,http://zerogravity.pl/wyjazdy/pure-laax-1/
139,ZEROGRAVITY,Szwajcaria,Laax,27.01.2019 - 03.02.2019,2530 zł,SĄ MIEJSCA,http://zerogravity.pl/wyjazdy/family-week-3-3/
140,ZEROGRAVITY,Szwajcaria,Laax,03.02.2019 - 10.02.2019,2630 zł,SĄ MIEJSCA,http://zerogravity.pl/wyjazdy/family-week-4-3/
141,ZEROGRAVITY,Szwajcaria,Laax,10.02.2019 - 17.02.2019,2960 zł,SĄ MIEJSCA,http://zerogravity.pl/wyjazdy/family-week-5-3/
142,ZEROGRAVITY,Szwajcaria,Laax,17.02.2019 - 24.02.2019,2960 zł,SĄ MIEJSCA,http://zerogravity.pl/wyjazdy/family-week-6-3/
143,ZEROGRAVITY,Szwajcaria,Laax,24.02.2019 - 03.03.2019,2660 zł,SĄ MIEJSCA,http://zerogravity.pl/wyjazdy/happy-laax-1/
144,ZEROGRAVITY,Szwajcaria,Laax,03.03.2019 - 10.03.2019,2760 zł,SĄ MIEJSCA,http://zerogravity.pl/wyjazdy/happy-laax-2-2/
145,ZEROGRAVITY,Szwajcaria,Alagna - Monte Rosa,09.03.2019 - 16.03.2019,2430 zł,NOWOŚĆ,http://zerogravity.pl/wyjazdy/backcountry-heli-academy-1/
146,ZEROGRAVITY,Szwajcaria,Laax,10.03.2019 - 17.03.2019,2620 zł,SĄ MIEJSCA,http://zerogravity.pl/wyjazdy/unlimited-laax-1/
147,ZEROGRAVITY,Szwajcaria,Alagna - Monte Rosa,16.03.2019 - 23.03.2019,2330 zł,NOWOŚĆ,http://zerogravity.pl/wyjazdy/backcountry-heli-academy-2/
148,ZEROGRAVITY,Szwajcaria,Laax,17.03.2019 - 24.03.2019,2670 zł,SĄ MIEJSCA,http://zerogravity.pl/wyjazdy/pure-laax-2-2/
149,ZEROGRAVITY,Szwajcaria,Chamonix - Mont Blanc,23.03.2019 - 30.03.2019,2940 zł,NOWOŚĆ,http://zerogravity.pl/wyjazdy/backcountry-chamonix/
150,ZEROGRAVITY,Szwajcaria,Laax,24.03.2019 - 31.03.2019,2160 zł,SĄ MIEJSCA,http://zerogravity.pl/wyjazdy/unlimited-laax-2-2/
151,ZEROGRAVITY,Szwajcaria,Laax,31.03.2019 - 07.04.2019,2060 zł,NOWOŚĆ,http://zerogravity.pl/wyjazdy/zero-gravity-games-2/
152,ZEROGRAVITY,Szwajcaria,Laax,07.04.2019 - 14.04.2019,1910 zł,SĄ MIEJSCA,http://zerogravity.pl/wyjazdy/snow-dj-week-5/
153,ZEROGRAVITY,Szwajcaria,Laax,14.04.2019 - 22.04.2019,1860 zł,SĄ MIEJSCA,http://zerogravity.pl/wyjazdy/easter-laax-5/
